adaugaStudent,2026-06-02 18:00:00
adaugaStudent,2026-06-02 18:00:01
adaugaStudent,2026-06-02 18:00:01
adaugaProfesor,2026-06-02 18:00:01
adaugaMaterie,2026-06-02 18:00:01
adaugaMaterie,2026-06-02 18:00:01
adaugaNota,2026-06-02 18:00:01
adaugaNota,2026-06-02 18:00:01
adaugaNota,2026-06-02 18:00:01
afiseazaStudenti,2026-06-02 18:00:01
afiseazaProfesori,2026-06-02 18:00:01
afiseazaMaterii,2026-06-02 18:00:01
calculeazaMedie,2026-06-02 18:00:01
afiseazaCarnet,2026-06-02 18:00:01
stergeStudent,2026-06-02 18:00:01
afiseazaStudenti,2026-06-02 18:00:01
adaugaStudent,2026-06-02 18:01:59
adaugaStudent,2026-06-02 18:01:59
adaugaStudent,2026-06-02 18:01:59
adaugaProfesor,2026-06-02 18:01:59
adaugaMaterie,2026-06-02 18:01:59
adaugaMaterie,2026-06-02 18:01:59
adaugaNota,2026-06-02 18:01:59
adaugaNota,2026-06-02 18:01:59
adaugaNota,2026-06-02 18:01:59
afiseazaStudenti,2026-06-02 18:01:59
afiseazaProfesori,2026-06-02 18:01:59
afiseazaMaterii,2026-06-02 18:01:59
calculeazaMedie,2026-06-02 18:01:59
afiseazaCarnet,2026-06-02 18:01:59
stergeStudent,2026-06-02 18:01:59
afiseazaStudenti,2026-06-02 18:01:59
adaugaStudent,2026-06-02 18:04:04
adaugaStudent,2026-06-02 18:04:04
adaugaStudent,2026-06-02 18:04:04
adaugaProfesor,2026-06-02 18:04:04
adaugaMaterie,2026-06-02 18:04:04
adaugaMaterie,2026-06-02 18:04:04
adaugaNota,2026-06-02 18:04:04
adaugaNota,2026-06-02 18:04:04
adaugaNota,2026-06-02 18:04:04
afiseazaStudenti,2026-06-02 18:04:04
afiseazaProfesori,2026-06-02 18:04:04
afiseazaMaterii,2026-06-02 18:04:04
calculeazaMedie,2026-06-02 18:04:04
afiseazaCarnet,2026-06-02 18:04:04
stergeStudent,2026-06-02 18:04:04
afiseazaStudenti,2026-06-02 18:04:04
